date,iron_ore,coking_coal,metcoke,scrap,pig_iron,billet,rebar,hrc
01-01-2024,102.48,177.82,248.69,298.33,190.22,208.36,228.27,236.46
02-01-2024,99.37,177.38,256.97,308.64,187.24,206.03,214.03,225.14
03-01-2024,103.36,188.82,258.46,319.02,187.66,198.21,216.15,214.78
04-01-2024,107.8,189.62,268.35,293.88,182.79,200.52,214.49,226.16
05-01-2024,99.07,177.06,254.35,289.17,187.88,202.68,218.09,225.77
06-01-2024,99.13,177.72,252.65,302.7,179.05,196.02,207.37,224.77
07-01-2024,108.26,178.6,251.8,306.1,182.95,202.26,226,226.78
08-01-2024,104.26,172.27,248.04,298.54,188.63,213.42,233.62,239.65
09-01-2024,98.14,174.88,252.95,312.06,187.03,208.07,219.37,223.33
10-01-2024,103.26,174.41,248.59,289.78,175.87,197.41,205.74,233.74
11-01-2024,98.29,175.88,251.91,306.09,184.99,199.51,212.58,223.53
12-01-2024,98.34,180.33,260.03,295.76,177.03,192.63,209.8,221.81
13-01-2024,101.94,181.99,243.83,314.41,195.2,224.19,240.4,244.18
14-01-2024,91.22,189.94,258.93,316.65,193.77,210.1,231.36,236.94
15-01-2024,92.23,174.69,260.24,294.63,180.35,208.63,227.58,225.81
16-01-2024,98.1,186.64,250.27,296.42,185.97,204.75,224.6,232.46
17-01-2024,95.91,179.49,236.31,307.75,193.34,213.36,229.99,236.22
18-01-2024,102.61,180.53,246.99,297.83,184.55,209.9,217.96,235.08
19-01-2024,96.55,184.92,260.39,300.62,178.38,204.74,218.76,233.92
20-01-2024,94.09,174.19,251.23,301.24,182.51,201.96,222.26,219.57
21-01-2024,108.54,183.27,244.46,285.74,194.55,212.61,227.35,233.5
22-01-2024,100.15,182.02,248,301.04,179.9,199.62,217.14,227.37
23-01-2024,101.68,184.03,257.49,295.69,182.78,204.47,217.87,242.06
24-01-2024,94.28,182.85,255.51,297.31,183.84,208.3,218.15,232.47
25-01-2024,98.74,195.9,250.08,312.86,191.85,211.88,226.26,240.42
26-01-2024,102.08,177.39,249.26,291.32,176.53,199.63,216.17,223.98
27-01-2024,95.83,178.08,249.16,307.93,189.74,217.93,229.66,254.59
28-01-2024,103.52,177.58,245.51,299.25,196.05,217.96,231.78,232.48
29-01-2024,98.7,178.03,263.35,299.29,183.66,205.22,215.52,230.78
30-01-2024,100.31,177.59,249.86,307.91,181.25,193.66,214.25,208.9
31-01-2024,98.82,188.59,260.71,304.36,179.67,186.52,200.04,196.48
01-02-2024,111.15,190.03,262.91,306.26,194.64,216.58,238.84,243.36
02-02-2024,101.88,178.13,259.32,309.5,192.56,212.09,234.73,237.92
03-02-2024,96.72,176.61,249.39,299.16,183.79,201.22,215.81,224.51
04-02-2024,106.18,184.48,255.31,296.96,186.89,208.11,218.07,232.47
05-02-2024,96.02,178.39,252.39,293.23,176.95,196.65,201.22,240.24
06-02-2024,103.23,185.55,246.3,295.37,180.11,205.75,213.39,229.2
07-02-2024,92.45,183.02,254.97,325.62,193.75,214.18,222.31,242.24
08-02-2024,95.67,172.75,244.52,312.04,188.27,204.54,226.43,225.64
09-02-2024,103.36,191.18,261.16,291.33,178.37,203.32,218.9,230.09
10-02-2024,106.13,192.72,249.67,291.61,195.7,214.61,231.56,238.18
11-02-2024,103.35,178.32,254.4,306.1,189.54,212.17,216.07,234.71
12-02-2024,101.98,179.72,255.05,306.68,193.71,211.32,220.33,247.23
13-02-2024,101.11,183.81,251.33,306.75,180.9,197.65,217.09,229.71
14-02-2024,95.28,184.15,257.32,300.37,176.64,197.06,213.49,222.88
15-02-2024,99.14,186.14,249.96,301.46,185.19,205.25,219.52,216.43
16-02-2024,100.49,194.3,259.46,305.14,192.54,214.94,232.77,237.78
17-02-2024,108.14,181.23,244.01,303.26,197.59,216.24,239.42,257.46
18-02-2024,104.64,177.55,254.39,284.87,184.11,194.93,208.82,218.55
19-02-2024,94.17,174.11,267.15,300.84,178.94,196.77,212.12,228.39
20-02-2024,104.66,178.05,246.65,295.93,178.92,202.89,218.86,236.55
21-02-2024,101.18,182.28,248.98,304.19,192.56,211.08,238.04,237.39
22-02-2024,99.78,193.3,257.39,326.73,191.1,209.86,214.37,229.81
23-02-2024,106.28,179.47,255.13,305.84,196.25,221.18,239.6,231.57
24-02-2024,108.44,183.97,256.4,300.45,187.28,203.72,218.15,232.82
25-02-2024,108,182.58,257.44,310.39,199.04,211.33,229.16,231.44
26-02-2024,99.21,189.86,258.53,306.93,192.11,211.31,223.02,237.37
27-02-2024,101.92,197.94,261.93,306.48,191.41,208.99,223.74,226.49
28-02-2024,105.18,179.64,257.1,308.03,185.78,200.95,219.5,224.35
29-02-2024,108.47,179.93,252.62,319.68,191.57,210.69,241.25,235.89
01-03-2024,101.25,189.18,259.09,294.24,187.67,210.13,229.17,236.74
02-03-2024,102.78,187.06,267.75,307.13,189.76,209.71,220.47,228.02
03-03-2024,98.24,194.1,253.6,295.98,183.35,204.89,217.77,237.07
04-03-2024,97.85,186.57,247.78,307.89,186.65,215.72,228.45,237.14
05-03-2024,107.96,180.96,262.42,296.15,186.71,204.99,211.02,219.95
06-03-2024,110.73,186.71,253.9,300.22,179.73,201.12,214.47,225.47
07-03-2024,103.65,189.86,239.61,301.25,191.09,208.54,227.21,233.75
08-03-2024,109.09,188.18,260.82,311.47,188.64,204.4,213.03,230.37
09-03-2024,105.94,186.35,251.22,311.07,185.84,202.91,223.16,236.09
10-03-2024,100.97,189.76,254.4,293.81,177.02,194.63,212.07,218.21
11-03-2024,106.06,190.42,257.43,304.27,181.86,203.66,214.99,227.94
12-03-2024,112.01,191.75,256.52,298.21,185.01,216.76,231.05,235.14
13-03-2024,104.2,187.4,260.22,293.87,182.52,198.94,221.93,228.86
14-03-2024,112.26,182.55,252.28,302.26,200.11,218.03,236.7,244.14
15-03-2024,91.4,184.48,258.99,301.58,179.75,199.44,214.48,221.92
16-03-2024,108.67,190.89,253.66,323.52,198.68,220.66,234.47,234.23
17-03-2024,105.06,178.8,260.72,307.62,189.95,211.27,226.65,244.94
18-03-2024,103.19,185.96,259.93,293.19,185.68,212.1,224.54,229.73
19-03-2024,105.2,181.44,249.15,299.75,186.05,193.92,198.39,215.37
20-03-2024,94.87,184.02,263.37,312.5,180.92,188.99,214.2,216.14
21-03-2024,103.77,191.56,252.09,321.09,202.56,220.08,235.85,237.9
22-03-2024,106.71,185.09,261.57,291.75,194.77,220.26,237.25,236.3
23-03-2024,112.38,184.27,258.56,289.45,178.65,190.82,205.54,203.08
24-03-2024,102.46,175.88,268.93,319.51,184.48,189.44,200.77,218.77
25-03-2024,101.07,188.57,254.57,307.72,187.91,210.77,224.84,232.5
26-03-2024,102.66,188.01,253.76,297.71,181.96,203.18,210.18,245.74
27-03-2024,109.81,197.16,256.14,308.99,198.3,212.85,239.23,231.88
28-03-2024,106.94,182.39,254.23,283.68,178.95,194.02,202.85,213.5
29-03-2024,102.7,185.6,262.02,304.84,199.04,214.19,224.03,235.8
30-03-2024,107.98,185.83,245.18,307.49,197.14,217.69,230.49,244.15
31-03-2024,105.96,193.84,249.19,312.32,195.3,212.16,233.61,234.34
01-04-2024,110.38,183.86,249.17,296.87,193.5,215.97,231.05,244.65
02-04-2024,102.09,186.15,263.37,305.72,193.93,199.65,208.47,218.78
03-04-2024,104.02,188.17,268.76,297.69,184.55,200.26,221.53,216.97
04-04-2024,103.76,185.69,256.13,307.19,185.29,199.66,218.31,213.87
05-04-2024,98.46,181.94,255.75,298.04,183.77,202.49,220.18,214.15
06-04-2024,107.32,185.84,257.5,301.99,193.58,210.89,229.47,232.79
07-04-2024,107.21,191.16,265.21,297.34,190.13,214.12,241.09,237.31
08-04-2024,105.99,178.61,250.66,310.57,181.26,191.97,217.89,213.18
09-04-2024,104.85,185.62,258.89,312.29,187.3,207.52,219.09,239.98
10-04-2024,99.01,180.67,264.13,303.6,184.51,207.3,230.42,239.67
11-04-2024,104.04,192.09,260.88,305.84,190.61,219.9,236.81,242.89
12-04-2024,104.49,175.82,258.77,294,192.6,210.2,227.69,224.43
13-04-2024,102.25,181.66,264.53,303.24,179.44,201.06,207.6,222.66
14-04-2024,105.52,187.32,238.67,305.29,192.52,203.5,217.65,224.9
15-04-2024,108.41,194.5,262.41,326.71,207.17,215.21,226.15,236.27
16-04-2024,115.88,184.76,253.16,296.91,202.21,226.43,245.57,247.25
17-04-2024,107.38,181.88,245,317.57,190.76,210.74,231.09,231.82
18-04-2024,107.86,196.54,261.46,313.89,198.73,224.62,229.25,247.3
19-04-2024,106.26,176.62,267.57,308.21,190.8,203.93,218.82,225.12
20-04-2024,97.1,172.16,257.07,320.09,187.49,210.09,230.7,236.34
21-04-2024,106.62,188.04,264.77,309.05,191.28,220.63,234.69,247.79
22-04-2024,107.11,182.44,269.46,309.24,192.53,214.63,233.27,234.16
23-04-2024,119.19,179.37,267.45,305.76,180.55,201.94,218.69,234.56
24-04-2024,105.97,189.8,269.8,316.03,197.55,217.59,234.3,236.71
25-04-2024,108.5,187.06,263.59,315.07,194.67,206.82,220.46,222.11
26-04-2024,106.88,182.26,259,301.34,186.72,213.5,222.42,240.78
27-04-2024,101.27,178.01,247.33,295.85,192.9,209.85,219.24,229.94
28-04-2024,112.89,190.98,256.89,304.84,190.53,213.05,231.6,239.98
29-04-2024,111,189.69,252.78,300.11,189.33,201.51,216.61,212.09
30-04-2024,111.25,185.24,273.96,306.06,201.85,215.95,230.26,249.31
01-05-2024,102.81,196.97,257.6,316.52,191.01,218.19,231.07,247.22
02-05-2024,114.43,179.52,259.77,303.02,187.78,206.05,219.52,222.05
03-05-2024,100.47,176.83,262.84,306.39,184.42,211.69,231.92,227.81
04-05-2024,110.48,181.88,259.36,307.25,195.13,214.74,228.07,249.78
05-05-2024,118.56,185.81,270.99,313.63,198.29,209.08,217.38,229.66
06-05-2024,102.71,187.59,254.84,288.92,177.58,202.04,220.75,222.03
07-05-2024,104.89,184.73,260.63,302.1,185.35,202.4,216.37,213.8
08-05-2024,108.28,188.34,254.15,308.7,189.39,212.88,228.04,235.78
09-05-2024,105.33,178.77,250.18,316.66,190.37,210.5,233.54,234.13
10-05-2024,100.15,194.99,255.21,303.18,191.64,203.93,218.82,233.22
11-05-2024,108.31,185.88,259.3,292.16,188.83,209.65,226.1,226.25
12-05-2024,102.72,193.13,256.63,312.18,183.8,214.78,223.89,230.66
13-05-2024,110.46,188.53,254.86,302.2,196.72,219.19,233.09,246.89
14-05-2024,103.55,189.26,249.94,297.82,188.81,208.52,226.57,239.56
15-05-2024,115.96,189.99,259.27,302.4,201.02,226.4,233.62,241.97
16-05-2024,104.36,189.3,249.39,305.97,192.55,213.6,229.6,245.09
17-05-2024,106.72,190.52,265.32,302.66,196.15,217.2,232.7,242.42
18-05-2024,112.46,194.69,260.65,289.91,192.7,207.24,222.45,238.79
19-05-2024,102.3,187.94,249.94,314.79,198.47,219.64,239.83,244.22
20-05-2024,109.65,191.07,258.05,317.86,199.15,224.33,241,234.2
21-05-2024,115.11,186.32,255.03,312.93,195.33,211.15,233.54,235.24
22-05-2024,100.6,195.55,262.6,298.67,199.87,226.99,237.02,258.35
23-05-2024,109.62,182.9,269.82,306.22,195.03,214.57,230.25,234.21
24-05-2024,110.06,197.81,247.38,307.83,198.59,214.15,229.57,236.82
25-05-2024,112.73,186.82,261.39,312.73,188.57,213.56,223.21,237.5
26-05-2024,102.7,178.52,259.54,313.34,182.19,200.76,220.54,208.36
27-05-2024,102.34,187.92,265.43,302.17,189.43,213.23,239.85,248.25
28-05-2024,111.61,183.12,262.3,308.76,192.93,211.48,226.39,231.07
29-05-2024,110.55,192.29,255.61,311.82,192.38,212.08,229.61,240.12
30-05-2024,110.38,183.38,258.72,319.86,195.83,218.3,233.72,242.78
31-05-2024,110.92,184.67,255.45,313.9,201.88,223.34,234.77,255.88
01-06-2024,105.85,176.06,268.63,314.63,193.02,203.05,208.94,230.48
02-06-2024,110.47,184.73,261.32,309.05,186.62,201.01,212.48,224.6
03-06-2024,110.83,172.95,274.55,319.71,191.58,216.22,224.26,235.86
04-06-2024,105.86,178.04,260.89,311.76,185.26,204.6,228.12,234.38
05-06-2024,118.82,192.15,256.43,301.65,193.73,211.11,225.54,224.87
06-06-2024,111.92,192.35,250.86,319.82,196.35,209.56,222.83,238.43
07-06-2024,103.65,190.24,248.91,314.23,190.42,205.02,224.46,223.42
08-06-2024,112.95,181.94,250.52,305.16,185.03,194.93,204.32,227.44
09-06-2024,104.86,187.5,263.55,304.92,189.03,208.53,219.69,234.49
10-06-2024,113.73,187.81,265.31,311.19,192.39,209.4,224.74,238.26
11-06-2024,115.65,180.93,250.76,312.57,179.66,194.83,214.97,220.32
12-06-2024,105.81,196.95,268.16,310.5,204.83,224.49,241.99,238.97
13-06-2024,114.79,193.24,258.59,311.47,202.77,224.59,240.84,244.43
14-06-2024,112.1,186.7,263.07,322.63,195.76,226.23,241.62,255.26
15-06-2024,114.21,188.24,273.4,317.66,197.55,209.99,226.99,235.99
16-06-2024,119.64,189.38,268.47,310.67,192.01,217.81,233.82,249.89
17-06-2024,108.99,175.92,260.38,316.73,199.87,224.74,234.59,252.16
18-06-2024,106.51,186.74,256.1,300.99,198.41,214.52,229.75,233.71
19-06-2024,105.89,184.18,247.35,312.49,192.14,213.16,222.79,233.38
20-06-2024,106.32,182.31,257.45,323.84,199.49,217.2,232.61,242.82
21-06-2024,110.08,186.68,261.08,307.67,193.21,214.14,226.74,225.26
22-06-2024,112.23,199.2,255.72,302.69,188.78,216.32,244.02,251.36
23-06-2024,111.97,192.31,261.78,304.31,191.71,214.74,229.54,242.39
24-06-2024,114.78,185.09,263.31,300.86,192.36,214.9,222.88,247.26
25-06-2024,110.77,192,261.27,303.36,190.64,208.49,222.82,224.01
26-06-2024,118.03,197.01,258.37,306.73,197.24,209.82,227.42,242.29
27-06-2024,109.5,194.21,264.17,298.5,191.16,210.12,233.48,248.5
28-06-2024,124.49,189.07,266.16,309.92,199.09,225.12,237.17,242.2
29-06-2024,114.08,184.88,255.51,317.07,196.48,208.84,215.93,238.47
30-06-2024,106.72,193,273.09,302.65,186.08,200.8,219.89,225.81
01-07-2024,105.72,191.22,262.59,322.12,192.7,213.33,221.43,229.07
02-07-2024,113.54,194.28,263.49,314.1,191.51,206.59,219.4,234.54
03-07-2024,110.07,192.76,268.39,318.32,202.24,218.28,231.99,248.28
04-07-2024,114.82,195.3,265.14,304.87,185.45,203.33,217.98,224.73
05-07-2024,113.68,185.84,270.25,317.02,202.1,215.27,233.72,247.26
06-07-2024,111.01,197,265.66,301.5,200.89,216.02,227.6,231.02
07-07-2024,107.2,190.33,259.44,317.41,193.69,217.21,230.84,233.24
08-07-2024,103.92,201.65,266.33,311.72,182.56,196.03,210.96,221.85
09-07-2024,109.32,185.11,255.86,314.83,191.9,203.92,219.66,229.07
10-07-2024,115.9,199.71,264.7,301.05,196.27,213.12,228.61,233.82
11-07-2024,112.75,190.53,263.78,303.35,188.21,211.87,229.05,241.73
12-07-2024,105.51,185.48,262.63,315.34,189.88,208.89,228.11,237.08
13-07-2024,112.67,186.54,263.26,303.03,199.59,217.27,234.23,247.41
14-07-2024,113.79,187.57,251.06,314.38,199.42,219.65,236.91,243.91
15-07-2024,107.5,192.08,260.47,299.79,185.94,197.21,204.3,225.83
16-07-2024,112.75,192.72,265.03,317.57,190.2,212.67,227.93,235
17-07-2024,112.33,186.19,265.57,300.98,189.45,211.37,228.77,248.69
18-07-2024,106.39,189.54,257.33,315.31,192.94,210.9,229.54,231.02
19-07-2024,113.95,202.59,273.46,315.95,203.62,228.65,240.19,266.29
20-07-2024,115.03,200.15,258.61,305.43,195.01,209.37,221.08,234.58
21-07-2024,117.7,192.45,271.53,315.71,202.09,227.73,239.86,244.47
22-07-2024,117.62,190.11,267.81,313.2,207.71,228.49,246.17,261.69
23-07-2024,105.52,190.65,260.37,306.86,195.54,213.85,234.02,239.61
24-07-2024,107.78,193.66,277.39,303.15,191.92,211.82,224.78,241.92
25-07-2024,115.11,183.89,256.68,295.58,188.97,208.43,227.97,240.77
26-07-2024,115.16,188.53,271.54,314.13,195.08,221.18,236.8,248.21
27-07-2024,115.23,180.11,272.19,298.87,195.69,210.3,224.68,231.75
28-07-2024,131.98,192.57,260.56,312.2,201.09,217.27,231.22,248.13
29-07-2024,115.63,194.1,275.08,309.39,197.52,222.71,241.44,247.71
30-07-2024,118.51,187.37,263.65,316.98,198.97,215.99,232.62,245.1
31-07-2024,117.67,199.76,267.5,309.19,197.24,221.74,248.12,233.82
01-08-2024,116.21,183.01,267.37,309.03,187.23,215.73,226.47,243.41
02-08-2024,111.44,181.63,264.68,317.57,195.95,213.94,231.53,235.11
03-08-2024,116.87,191.81,271.37,314.45,198.32,221.73,234.08,256.65
04-08-2024,109.27,196.79,271.32,314.35,199.56,213.79,224.44,242.53
05-08-2024,112.02,200.66,253.6,315.63,197.03,220.8,235.75,247.24
06-08-2024,110.83,187.85,275.04,299.65,196.69,217.69,233.37,245.6
07-08-2024,113.73,197.13,254.35,318.04,195.66,218.03,247.62,237.03
08-08-2024,124.96,190.47,273.29,316.94,210.77,227.54,241.62,262.28
09-08-2024,104.11,189.72,274.02,303.97,181.01,192.7,202.05,229.65
10-08-2024,116.93,196.1,258.57,310.2,200.84,223.36,239.72,250.71
11-08-2024,105.5,194.77,263.4,311.89,196.58,206.26,210.89,240.8
12-08-2024,111.27,181.44,258.61,311.19,188.32,206.73,221.27,228.32
13-08-2024,119.13,199.81,264.92,314.99,204.21,228.92,244,249.14
14-08-2024,114.07,199.28,264.34,323.82,208.96,229.91,248.89,255.16
15-08-2024,108.42,187.29,272.03,321.08,184.8,214.54,234.41,242.15
16-08-2024,110.29,193.47,275.81,301.98,195.27,220.39,232.87,243.03
17-08-2024,117.33,194.11,276.49,317.51,187.95,204.68,218.93,232.91
18-08-2024,110.34,192.76,262.85,323.22,194.1,214.24,225.41,241.08
19-08-2024,115.13,187.94,265.4,315.74,205.3,225.07,234.43,244.08
20-08-2024,114.34,187.26,255.15,321.43,195.43,207.52,224.07,235.64
21-08-2024,110.91,191.18,261.37,328.85,194.51,209.81,218.44,239.99
22-08-2024,124.95,198.42,273.83,321,204.82,222.01,234.94,248.04
23-08-2024,117.46,194.7,278.46,314.86,210.19,220.01,230.04,251.93
24-08-2024,104.23,189.26,258.59,321.28,185.7,205.93,223.68,223.63
25-08-2024,115.35,196.16,263.15,314.13,193.97,212.73,236.73,240.53
26-08-2024,111.17,174.49,267.19,313.22,198.27,209.9,218.4,227.88
27-08-2024,118.8,198.52,269.41,310.27,209.45,231.47,237.2,249.78
28-08-2024,110.64,181.24,261.85,325.65,195.8,219.38,233.76,240.6
29-08-2024,114.09,189.55,270.56,306.65,188.3,209.43,224.51,228.78
30-08-2024,117.25,185.06,264.35,325.51,210.55,228.93,245.02,250.64
31-08-2024,119.11,184.06,267.64,317.3,206.02,228.98,241.75,252.7
01-09-2024,108.84,198.84,271.63,302.16,197.23,220.63,234.63,250.66
02-09-2024,113.23,189.12,267.93,316.35,192.87,214.41,231.25,237.48
03-09-2024,112.59,194.05,264.9,296.67,192.01,207.88,228.08,223.37
04-09-2024,111.76,191.74,267.26,318.53,196.98,218.36,223.59,250.2
05-09-2024,123.91,194.93,267.48,320.66,205.9,231.87,245.03,251.85
06-09-2024,117.17,192.58,265.59,308.89,204.56,221.58,237.65,246.23
07-09-2024,108.9,184.47,266.44,314.67,197.7,228.19,238.6,255.87
08-09-2024,119.86,198.19,279.51,329.37,200.83,218.2,241.85,244.4
09-09-2024,125.94,189.3,272.32,309.75,206.97,227.14,238.96,258.7
10-09-2024,120.55,182.97,266.4,305.38,196.29,212.93,227.72,240.8
11-09-2024,107.85,189.79,273.42,325.76,201.24,222.36,240.14,242.19
12-09-2024,113.09,201.41,266.28,329.66,211.89,223.18,235.22,261.25
13-09-2024,121.91,197.56,276.9,314.04,196.69,213.96,219.72,240.12
14-09-2024,112.09,190.41,271.35,322.16,198.43,212.97,225.83,237.09
15-09-2024,117.91,190.46,268.08,324.86,199.1,219.78,239.93,250.56
16-09-2024,119.63,190.67,272.04,308.24,189.69,214.66,227.97,241.15
17-09-2024,111.18,205.11,257.98,310.35,200.84,224.07,234.84,251.47
18-09-2024,115.58,194.99,261.16,324.14,214.53,222.67,242.3,262.62
19-09-2024,99.73,195.33,260.77,327.82,187.64,217.85,231.19,241.2
20-09-2024,110.88,198.98,270.2,318.9,199.55,221.03,233.48,244.12
21-09-2024,114.8,194.28,281.4,307.41,199.63,215.75,231.49,241.45
22-09-2024,109.88,191.34,284.96,330.4,201.09,221.88,240.73,253.31
23-09-2024,124.34,191.77,273.88,310.31,199.8,220.68,247.58,236.64
24-09-2024,109.09,192.56,272.99,311.94,188.49,205.16,224.29,218.36
25-09-2024,114.1,192.82,256.95,317.41,199.87,220.86,241.66,242.34
26-09-2024,117.02,197.46,265.84,327.16,200.41,217.37,229.84,232.57
27-09-2024,123.63,193.45,264.19,321.61,193.02,211,220.87,233.45
28-09-2024,109.3,197.58,265.44,318.15,204.42,220.98,236.3,249
29-09-2024,122.36,192.75,268.68,318.6,207.14,219.98,235.51,239.63
30-09-2024,116.66,193.76,266.62,315.29,199.64,220.37,229.97,236.8
01-10-2024,111.76,181.34,256.14,319.47,196.09,219.02,233.14,244.43
02-10-2024,119.04,198.88,275.31,294.82,201.1,223.67,240.67,253.85
03-10-2024,117.78,195.51,262.64,312.74,200.71,224.81,241.61,239.64
04-10-2024,113.85,199.47,271.89,317.09,205.03,226.65,244.17,256.57
05-10-2024,117.26,176.15,284.81,306.01,190.06,207.4,223.86,237.3
06-10-2024,115.04,206.11,263.93,318.36,209.92,234.12,246.58,264.84
07-10-2024,117.6,192.79,252.73,313.69,200.59,213.8,226.23,246.11
08-10-2024,120.4,200.32,268.51,329.43,208.06,223.55,232.56,261.77
09-10-2024,125.08,187.48,278.29,328.02,198.33,213.51,237.44,236.38
10-10-2024,111.03,197.45,284.37,311.77,198.61,224.01,239.08,249.67
11-10-2024,127.94,187.5,262.12,314.34,197.57,222.28,236.16,244.78
12-10-2024,107.58,190.13,274.28,315.01,191.38,213.82,224.17,238.83
13-10-2024,116.64,205.4,267.62,312.04,197.81,223.17,252.85,257.37
14-10-2024,120.4,192.82,270.21,317.27,195.86,211.46,221.09,228.39
15-10-2024,118.92,195.32,289.53,309.7,209.7,231.44,244.3,251.28
16-10-2024,114.47,199.28,260.57,306.78,204.26,223.64,240.71,256.9
17-10-2024,116.6,197.09,272.94,320.86,211.62,235.86,253.86,266.98
18-10-2024,115.24,195.06,274.51,320.97,194.79,214.21,234,237.03
19-10-2024,114.81,196.4,278.91,309.55,198.07,216.14,240.18,246.27
20-10-2024,122.07,208.68,272.07,323.2,201.93,224.63,242.16,251.68
21-10-2024,119.67,193.96,273.62,311.04,195.89,220.27,229.99,254.27
22-10-2024,114.48,195.56,268.79,318.17,195.32,211.98,225.7,237.43
23-10-2024,122.5,200.71,273.49,322.77,212.24,231.94,248.48,263.09
24-10-2024,119.6,201.09,269.28,315.99,200.98,215.69,241.03,256.54
25-10-2024,122.19,201.62,276.1,319.95,210.69,218.2,226.21,246.79
26-10-2024,121.34,198.38,269.24,312.24,204.74,225.74,246.76,251.04
27-10-2024,114.1,187.74,274.54,314.85,207.94,230.98,246.88,260.32
28-10-2024,115.51,204.45,271.77,314.83,194.59,215.9,235.09,238.71
29-10-2024,122.11,187.82,279.93,310.56,204.65,214.9,229.39,254.23
30-10-2024,121.48,196.56,271.76,315.17,207.85,226.09,236.88,252.17
31-10-2024,118.39,190.27,259.78,304.25,190.84,199.75,218.51,223.11
01-11-2024,119.14,194.46,281.1,312.77,204.86,231.71,249.98,251.69
02-11-2024,125,196.86,266,314.47,205.08,219.65,239.51,251.24
03-11-2024,115.72,196.87,267.83,314.76,198.64,224.91,239.85,255.12
04-11-2024,121.47,197.52,268.31,314.93,198.2,222.93,234.93,244.95
05-11-2024,117.78,204.72,282.18,316.42,199.86,215.36,222.56,243.82
06-11-2024,117.77,197.81,257.68,320.81,212.94,227.28,246.37,243.22
07-11-2024,124.41,193.67,294.66,324.02,205.08,226.83,243.95,252.94
08-11-2024,123.11,200.97,280.17,311.88,207.01,222.79,232.96,250.5
09-11-2024,123.11,202.37,274.41,307.51,198.25,218.76,231.07,254.01
10-11-2024,125.63,187.91,272.54,308.85,195.38,212.97,225.63,233.34
11-11-2024,119.27,198.91,274.99,313.35,206.79,217.89,225.47,235.22
12-11-2024,122.63,199.58,276.71,314.48,196.53,205.37,216.28,225
13-11-2024,117.73,193.64,277.66,311.19,196.47,217.6,226.93,234.58
14-11-2024,120.96,203.73,277.1,307.04,201.79,218.98,231.92,252
15-11-2024,118.75,194.62,273.91,313.81,200.59,217.82,229.13,252.12
16-11-2024,119.95,196.33,271.98,318.97,201.67,225.15,232.02,252.07
17-11-2024,122.5,194.58,272.37,322.33,206.05,231.92,257.03,264.25
18-11-2024,115.5,195.76,272.14,313.17,202.34,220.98,242.24,246.78
19-11-2024,130.11,189.14,281.51,314.38,206.77,225.07,236.17,249.5
20-11-2024,114.68,187.13,277.8,310.32,190.18,212.68,229.04,235.68
21-11-2024,113.7,205.38,253.14,317.54,200.94,214.15,231.24,237.29
22-11-2024,125.62,190.78,278.39,311.06,206.77,227.89,248.85,243.6
23-11-2024,123.85,189.96,275.23,322.49,207.75,230.51,241.41,257.09
24-11-2024,123.07,183.04,273.81,303.67,188.38,211.78,232.24,236.54
25-11-2024,123.15,192.18,271.29,315.13,203.21,213.53,225.79,243
26-11-2024,120.01,188.12,281.96,320.47,190.69,206.89,215.21,232.45
27-11-2024,115.65,205.96,280.79,319.59,204.16,219.77,238.39,243.79
28-11-2024,120.57,202.21,268.82,339.72,220.3,240.8,262.25,260.57
29-11-2024,116.87,192.08,277.16,321.03,195.94,218.34,246.28,243.78
30-11-2024,125.19,209.77,267.58,310.25,201.91,229.39,238.4,258.82
01-12-2024,119.64,202.19,264.8,317.58,207.61,225.13,243.63,243.27
02-12-2024,116.31,194.4,270.14,304.18,188.39,205.9,218.85,231.42
03-12-2024,118.89,181.4,280.64,317.8,194.15,219.9,238.82,246.3
04-12-2024,122.62,210.19,281.34,311.84,208.64,230.12,237.77,250.82
05-12-2024,117.8,188.16,278.34,325.88,198.16,224.5,233.19,245.97
06-12-2024,116.57,186.67,279.89,314.22,195.72,217.16,228.28,243.54
07-12-2024,121.96,202.73,278.5,317.73,208.64,222.86,238.25,241.06
08-12-2024,122.03,211.28,270.47,313.64,208.39,221.73,233.52,248.83
09-12-2024,118.33,205,278.06,332.69,209.97,222.21,240.51,241.84
10-12-2024,118.57,200.12,280.71,316.26,200.65,223.96,244.09,255.34
11-12-2024,122.15,200.36,280.46,333.55,210.88,236.82,254.82,275.85
12-12-2024,113.81,201.96,283.58,325.45,203.13,232.37,255.47,252.21
13-12-2024,114.07,201.44,280.29,322.85,205.2,229.42,246.5,257.63
14-12-2024,117.58,198.62,277.86,322,200.73,226.55,235.46,247.19
15-12-2024,120.16,197.61,282.97,322.26,203.11,220.21,242.03,251.46
16-12-2024,122.84,196.66,275.36,303.74,194.31,208.52,220.5,225.93
17-12-2024,128.73,192.56,269.45,316.98,204.18,228.43,247.98,256.31
18-12-2024,125.7,195.44,274.55,326.03,202.67,224.76,247.62,244.52
19-12-2024,120.67,187.02,270.55,318.93,194.48,215.02,232.31,238.78
20-12-2024,121.44,196.64,271.11,308.14,201.3,223.24,230.76,242.05
21-12-2024,116.58,191.34,274.9,319.02,200.8,222.42,232.83,252.35
22-12-2024,121.56,190.7,270.44,333.12,209.69,236.11,257.72,256.08
23-12-2024,120.27,198.45,273.9,329.52,204.34,230.82,244.97,259.13
24-12-2024,123.39,205.77,262.88,319.1,208.86,231.58,246.98,254.52
25-12-2024,117.7,202.98,277.7,327.26,208.91,233.14,251.93,257.45
26-12-2024,124.49,188.1,276.29,316.78,203.48,226.05,244.53,251.94
27-12-2024,129.62,191.63,270.63,306.13,197.05,214.74,231.14,235.17
28-12-2024,121.48,203.26,281.04,312.42,204.04,227.82,241.78,254.09
29-12-2024,124.09,191.77,283.06,332.38,208.7,221.73,235.16,255.91
30-12-2024,125.59,196.37,265.32,317.74,204.5,229.77,249.06,250.1
31-12-2024,120.2,201.06,271.3,318.03,193.37,207.4,225.17,239.43
01-01-2025,123.38,192,271.33,317.64,203.05,224.48,238.19,258.46
02-01-2025,122.39,198.49,270.21,335.32,220.16,235.94,256.35,256.04
03-01-2025,122.87,189.9,282.67,333.15,204.27,227.03,241.39,243.3
04-01-2025,118.58,194.35,275.58,337.95,203.48,223.31,234.05,250.12
05-01-2025,122.63,199.92,275.16,318.98,206.59,218.62,229.82,240.33
06-01-2025,125.06,188.5,263.05,322.68,204.94,227.04,237.15,263.25
07-01-2025,129.88,200.75,281.6,308.23,210.61,227.72,241.36,252.93
08-01-2025,127.48,198.03,268.55,332.24,203.79,228.19,249.36,248.38
09-01-2025,133.52,201.51,277.72,311.13,210.86,230.86,241.84,248.98
10-01-2025,118.97,199.59,279.31,322.26,207.1,229.08,245.02,260.61
11-01-2025,127.23,206.48,286.97,311.81,205.67,220.88,232.6,242.45
12-01-2025,123.85,199.1,268.36,315.93,205.74,222.79,236.49,248.06
13-01-2025,133.94,195.82,256.45,314,211.67,229.37,236.82,260.11
14-01-2025,119.01,199.18,278.95,315.89,206.48,230.77,244.67,252.86
15-01-2025,118.92,201.75,290.34,316.49,197.32,225.71,239.74,250.43
16-01-2025,120.18,198.83,286.48,316.47,206.76,222.74,240.44,247.64
17-01-2025,112.62,198.83,279.35,327.58,202.65,228.03,244.15,257.13
18-01-2025,120.67,194.43,274.51,312.13,200.6,209.75,218.76,238.29
19-01-2025,119.56,194.71,283.68,322.79,203.44,217.47,237.89,241.15
20-01-2025,124.17,190.32,271.29,330.82,205.26,220.46,236.52,245.85
21-01-2025,125.19,209.28,281.51,317.03,213.93,227.16,243.16,249.93
22-01-2025,132.92,191.37,281.79,315.44,204.79,216.88,231.83,233.01
23-01-2025,128.35,194.72,285.74,319.4,199.98,222.04,234.46,248.59
24-01-2025,120.78,194.62,297.71,330.73,203.95,222.88,238.97,259.23
25-01-2025,119.23,204.35,281.21,322.9,206.76,228.66,246.04,248.36
26-01-2025,126.24,197.26,274.98,317.16,210.97,234.42,240.68,254.78
27-01-2025,117.24,206.56,278.43,325.33,209.48,230.81,243.11,250.58
28-01-2025,133.06,195.08,266.3,312.7,201.31,224.59,238.32,253.94
29-01-2025,129.86,200.85,273.9,327.02,222.73,242.38,258.66,270.07
30-01-2025,121.68,194.21,275.97,324.89,205.73,219.79,240.76,243.84
31-01-2025,115.52,212.14,275.24,319.22,211.99,237.28,248.42,256.77
01-02-2025,130.92,192.19,280.04,315.02,203.77,220.83,233.34,246.38
02-02-2025,123.64,201.23,273.29,314.69,206.9,222.22,234.66,237.83
03-02-2025,130.46,203.22,286.97,326.12,215.18,234.29,245.29,260.15
04-02-2025,116.36,201.95,279.2,331.73,212.74,228.17,241.44,258.4
05-02-2025,121.39,198.4,279.2,316.85,208.42,226.33,245.19,243.83
06-02-2025,124.48,198.78,277.05,325.67,211.49,233.21,242.94,249.01
07-02-2025,124.75,199.87,280.5,305.37,199.9,221.64,238.78,256.11
08-02-2025,122.32,198.78,285.26,317.44,200.94,216.45,222.94,237.78
09-02-2025,127.75,205.49,273.49,321.92,210.99,228.55,240.74,260.36
10-02-2025,119.36,213.02,275.03,314.95,210.8,236.17,249.52,260.25
11-02-2025,124.04,196.46,277.58,314.79,201.88,224.36,247.74,248.39
12-02-2025,125.42,191.64,270.36,316.99,208.08,238.46,252.08,266.09
13-02-2025,127.45,199.37,274.12,324.73,215.47,241.37,245.37,261.07
14-02-2025,128.5,215.43,276.59,320.95,207.73,233.45,238.46,259.25
15-02-2025,119.38,195.18,286.12,304.59,193.5,206.56,221.73,229.27
16-02-2025,117.39,209.88,281.91,305.59,200.9,224.72,242.78,241.79
17-02-2025,131.51,210.16,281.5,317.75,212.52,232.25,249.13,259.28
18-02-2025,126.84,196.82,286.18,326.33,205.06,222.3,238.14,245.73
19-02-2025,121.5,203.61,279.33,300.74,206.67,227.51,248.32,251.56
20-02-2025,133.06,210.01,283.1,318.78,213.98,238.71,251.01,256.45
21-02-2025,125.94,198.02,279.72,318.62,205.57,228.07,247.54,262.62
22-02-2025,131.32,199.12,282.37,333.99,205.28,220.89,227.73,251.15
23-02-2025,125.82,196.9,276.5,319.86,198.78,222.49,232.97,253.27
24-02-2025,135.85,194.35,263.59,326.06,211.87,228.68,234.64,251.85
25-02-2025,134.38,196.59,279.79,324.18,199.32,220.4,234.03,235.03
26-02-2025,124.42,193.19,290.76,306.06,204.61,223.09,237.86,259.81
27-02-2025,130.59,200.79,287.36,329.3,210.47,229.38,244.95,254.01
28-02-2025,129.02,196.01,287.71,324.93,224.11,247.94,263.25,268.45
01-03-2025,132.69,202.08,289.67,327.33,223.44,238.24,248.6,265.74
02-03-2025,121.09,191.39,281.72,354.73,211.37,241.09,255.14,273.09
03-03-2025,129.4,202.76,282.55,306.7,204.07,214.96,222.48,239.83
04-03-2025,131.33,205.83,276.92,337.23,220.43,237.44,259.25,270.11
05-03-2025,117.3,188.91,279.1,321.19,208.47,230.32,243.8,261.82
06-03-2025,120.24,203.17,285.7,325.84,198.61,221.53,234.09,240.07
07-03-2025,116.02,208.34,289.89,323.23,196.95,216.44,239.39,237.4
08-03-2025,124.93,193.76,280.56,320.26,201.07,220.78,229.57,251.53
09-03-2025,129.93,211.11,278.45,319.15,213.96,236.01,245.38,244.74
10-03-2025,133.91,203.63,281.68,326.4,215.06,233.9,243.42,258.01
11-03-2025,126.83,196.94,285.96,311.68,208.67,235.63,250.29,252.05
12-03-2025,134.66,200.88,271.72,329.87,207.09,231.29,248.45,253.43
13-03-2025,119.68,204.62,265.82,320.59,193.85,218.22,236.92,241.43
14-03-2025,118.13,201.77,278.12,314.94,206.55,221.72,249.58,244.57
15-03-2025,126.43,204.6,273.5,320.43,203.94,223.54,227.29,245.23
16-03-2025,128.68,195.89,278.56,334.14,200.39,218.89,236.93,237.31
17-03-2025,126.66,202.48,281.16,319.86,208.09,223.06,235.28,261.81
18-03-2025,116.55,193.03,279.09,327.06,206.61,228.41,240.48,264.62
19-03-2025,126.5,200.89,292.5,318.4,205.78,223.09,234.99,241.12
20-03-2025,120.48,196.18,284.7,330.37,203.87,227.15,237.6,261.64
21-03-2025,130.42,197.24,284.59,329.85,209.5,224.14,247.57,246.75
22-03-2025,128.96,209.12,286.91,339.2,214.23,242.82,262.04,268.6
23-03-2025,122.49,208.3,274.66,323.07,201.67,217.18,232.3,241.8
24-03-2025,124.68,205.46,289.97,329.87,206.9,227.99,249.75,249.04
25-03-2025,122.02,195.3,282.24,325.36,207.61,231.57,239.01,262.47
26-03-2025,127.06,200,287.54,335,212.93,230.08,238.43,255.83
27-03-2025,132.21,209.23,275.42,318.94,212.17,236.44,240.55,258.58
28-03-2025,122.57,202.85,272.12,330.7,204.12,217.97,229.47,235.14
29-03-2025,130.07,215.96,288.79,323.24,212.88,240.14,255.95,259.78
30-03-2025,124.96,204.45,285.77,324.34,197.74,217.81,233.32,232.96
31-03-2025,123.71,203.29,276.9,325.64,209.06,226.08,241.82,251.15
01-04-2025,127.2,200.34,277.2,326.98,216.22,234.72,242.67,252.54
02-04-2025,122.62,203.04,291.24,324.09,199.82,223.86,242.88,247.27
03-04-2025,125.09,201.37,275.1,326.79,205.56,222.63,238.83,255.85
04-04-2025,121.93,206.58,295,337.75,213.72,229.97,248.64,262.17
05-04-2025,137.8,208.12,277.27,333.07,223.74,242.64,248.17,267.44
06-04-2025,128.22,197.72,288.12,332.19,208.02,222.13,238.69,246.61
07-04-2025,124.6,194.49,281.42,321.65,201.22,230.33,239.39,266.6
08-04-2025,129.23,191.51,288.02,318.23,194.77,211.94,224.95,240.06
09-04-2025,127.66,205.63,280.06,333.04,213.18,237.34,255.01,260.37
10-04-2025,127.18,196.01,282.8,332.46,219.62,240.67,256.13,257.12
11-04-2025,131.42,189.76,284.3,337.29,212.07,227.15,237.89,254.51
12-04-2025,132.19,205.06,277.07,320.73,210.5,230.47,245.5,260.45
13-04-2025,125.81,217.73,289.35,323.78,214.39,238.31,245.65,259.52
14-04-2025,125.65,202.79,280.64,312.56,204.81,223.87,244.62,250.61
15-04-2025,127.21,207.9,282.71,322.59,205.97,231.93,245.91,254.75
16-04-2025,117.14,203.41,277.42,333.76,212.12,237.23,257.82,261.13
17-04-2025,121.13,202.38,266.52,322.11,206.93,231.52,243.89,241.59
18-04-2025,135.61,208.53,283.19,331.02,216.2,233.9,246.28,257.57
19-04-2025,137.06,201.32,301.49,324.42,207.67,222.27,233.45,253.09
20-04-2025,127.65,204.72,290.16,328.6,217.57,234.5,253.88,255.71
21-04-2025,131.84,205.09,284.61,316.88,212.65,233.63,245.08,258.95
22-04-2025,130.57,199.2,282.98,326.79,207.26,229.99,248.22,250.46
23-04-2025,144.47,209.21,285.05,302.24,216.23,225.37,238.46,252.54
24-04-2025,134.73,202.26,288.79,324.73,209.5,229.46,234.58,253.16
25-04-2025,128.56,198.82,276.77,313.23,201.13,221.92,234.07,241.29
26-04-2025,124.48,206.63,292.91,335.98,208.78,227.39,236.49,260.38
27-04-2025,121.29,198.06,290.19,332.61,198.86,225.32,240.49,255.89
28-04-2025,130.4,203.67,290.28,330.17,214.67,236.78,245.83,258.15
29-04-2025,125.66,203.5,288.4,338.66,203.76,230.31,249.94,258.29
30-04-2025,122.39,210.12,285.54,318.96,201.54,220.46,235,248.68
01-05-2025,126.33,206.5,290.18,340.58,204.28,228.97,243.08,257.82
02-05-2025,124.22,203.55,289.69,334.12,210.56,238.73,257.01,253.57
03-05-2025,138.12,208.65,283.14,324.82,214.54,241.1,260.92,272.14
04-05-2025,134.15,212.14,281.68,335.86,216.43,230.96,245.86,252.55
05-05-2025,129.77,207.19,286.48,317.97,204.24,222.97,234.12,245.83
06-05-2025,137.27,203.96,296.68,320.28,206.32,224.59,230.72,265.42
07-05-2025,130.31,196.07,277.24,322.07,209.89,232.33,243.9,259.15
08-05-2025,125.68,197.6,275.71,322.76,203.63,227.06,238.97,249.74
09-05-2025,137.66,202.21,287.21,318.59,212.89,228.69,244.23,240.46
10-05-2025,132.8,200.43,286.49,336.88,209.89,230.23,243.5,263.57
11-05-2025,124.98,203.01,287.42,325.08,209.33,219.23,237.67,236.16
12-05-2025,129.28,204.52,287.99,330.03,218.59,245.8,257.74,264.78
13-05-2025,125.91,207.41,284.79,322.7,212.33,229.77,244.48,252.78
14-05-2025,123.44,203.86,296.85,312.75,202.3,222.58,243.5,256.07
15-05-2025,135.04,207.25,275.29,329.53,216.34,234.79,251.5,264.43
16-05-2025,140.02,204.77,280.77,312.13,209.87,235.6,250.3,259.66
17-05-2025,123.54,192.58,285.92,326.93,205.31,211.12,223.11,237.97
18-05-2025,133.41,198.84,275.21,316.59,206.37,226.28,238.12,247.68
19-05-2025,127.4,203.66,285.56,343.49,214.28,233.76,244.5,259.59
20-05-2025,128.28,197.32,298.49,334.94,212.05,229.78,242.08,255.22
21-05-2025,127.82,208.22,287.08,328.55,207.19,235.82,254.6,266.63
22-05-2025,126.52,213.86,288.62,337.87,211.04,226.61,240.5,257.41
23-05-2025,131.14,212.03,278.26,321.04,205.44,229.3,237.55,257.26
24-05-2025,126.81,203.49,282.84,332.21,203.43,225.21,249.05,248.04
25-05-2025,132.37,213.76,284.6,329.52,209.85,236.15,252.75,265.61
26-05-2025,130.83,205.76,285.08,330.09,213.88,230.55,238.51,255
27-05-2025,129.95,202.89,296.34,338.21,209.85,226.18,238.97,244.69
28-05-2025,126.67,201.28,291.35,333.94,213.8,239.28,254.84,261.86
29-05-2025,128.38,203.2,279.74,330.45,211.62,233.75,257.27,259.25
30-05-2025,135.1,202.73,289.32,314.95,199.5,211.78,221.24,242.24
31-05-2025,133.89,206.13,291.15,320.57,214.84,232.14,252.03,256.04
01-06-2025,126.56,206.12,295.72,327.32,214.71,236.64,258.64,254.39
02-06-2025,132.01,205.23,298.87,329.1,208.13,232.32,244.18,257.66
03-06-2025,135.33,207.88,280.78,319.37,214.41,231.01,244.62,256.69
04-06-2025,123.28,212.45,282.28,347.76,213.09,218.52,228.34,244.64
05-06-2025,134.41,211.05,279.23,340.65,219.76,242.38,256.36,272.9
06-06-2025,128.44,196.49,286.46,333.39,204.02,217.92,232.73,249.03
07-06-2025,134.67,190.13,291.44,329.21,200.7,210.61,228.91,232.05
08-06-2025,128.06,211.1,295.16,326.99,210.74,216.58,237.03,237.88
09-06-2025,122.91,197.35,287.79,321.13,204.09,228.16,239.42,246.92
10-06-2025,123.86,204.25,286.16,329.42,207.65,228.3,233.46,257.49
11-06-2025,132.3,198.62,289.53,330.91,205.86,224.73,239.62,258.42
12-06-2025,133.42,194.88,282.69,318.97,205.52,232.47,248.94,255.58
13-06-2025,127.66,208.99,303.24,331.63,214.6,237.78,254.03,261.33
14-06-2025,135.43,210.35,277.43,327.77,215.38,243.47,256.83,277.27
15-06-2025,123.99,202.38,290.05,313.81,205.37,218.4,234.03,246.44
16-06-2025,132.03,190.34,303,322.24,203.24,223.06,245.64,250.68
17-06-2025,126.37,202.66,288.95,325.87,214.96,226.88,243.79,244.73
18-06-2025,129.22,208.34,287.65,344.34,211.61,230.46,243.6,259.54
19-06-2025,132.78,197.16,286.55,333.74,214.82,233.58,246.08,253
20-06-2025,128.3,207.18,287.86,318.66,214.98,238.12,252.27,256.31
21-06-2025,130.74,206.04,298.81,333.29,216.5,236.73,259.91,259.65
22-06-2025,137.76,209.66,273.79,317.07,212.11,235.23,249.31,256.71
23-06-2025,129.9,206.95,300.08,338.17,212.85,236.37,251.27,260.04
24-06-2025,137.03,200.44,279.45,325.79,217.86,248.63,261.22,264.99
25-06-2025,127.26,213.51,287.62,328.87,206.5,224.92,245.42,255.68
26-06-2025,135.62,205.42,286.56,340.28,213.11,228.4,253.2,260.17
27-06-2025,140.24,206.26,293.75,319.43,211.81,233.04,250.3,246.36
28-06-2025,120.73,200.87,278.52,318.6,210.32,226.31,241.73,257.18
29-06-2025,129.17,203.86,293.02,325.17,212.27,239.68,254.87,259.82
30-06-2025,136.1,201.26,304.02,338.2,211.44,230.02,233.1,260.16
01-07-2025,132.26,205.58,280.38,317.79,208.36,225.53,244.26,250.12
02-07-2025,135.19,216.94,291.33,307.34,208.29,225.93,241.6,251.1
03-07-2025,130.37,198.48,285.44,326.45,206.08,229.67,246.81,253.56
04-07-2025,133.89,197.08,293.13,334.52,217.93,237.14,248.59,269.42
05-07-2025,132.74,215.64,290.35,339.77,212.86,229.65,242.73,247.21
06-07-2025,139.42,205.61,285.8,326.51,223.45,251.77,264.72,280.42
07-07-2025,134.91,202.9,293.78,326.98,217.07,232.79,252.9,264.4
08-07-2025,135.39,213.2,303.07,339.56,225.44,245.61,258.72,274.91
09-07-2025,131.7,203.37,289.17,315.43,206,229.27,254.68,268.21
10-07-2025,131.38,218.01,295.62,327.33,215.41,227.25,244.4,249.08
11-07-2025,131.72,211.17,281.6,332.02,208.48,230.88,239.5,261.62
12-07-2025,135.91,204.23,284.03,334.14,213.25,227.98,242.33,252.34
13-07-2025,131.9,220.15,294.11,326.52,219.23,243.34,255.08,275.74
14-07-2025,135.51,203.62,301.26,330.93,221.05,236.24,240.26,261.19
15-07-2025,144.5,211.75,293.44,310.81,209.03,232.5,255.49,255.17
16-07-2025,138.54,209.14,288.83,325.5,213.98,239.51,258.03,272.35
17-07-2025,132.62,215.21,291.09,334.45,217.19,241.49,259.16,263.54
18-07-2025,140.31,216.81,282.42,323.02,211.1,232.35,248.18,248.88
19-07-2025,132.33,207.69,295.47,331.4,217.61,236.46,244.55,258.36
20-07-2025,124.24,203.02,297.49,334.56,207.35,224.47,237.05,253.18
21-07-2025,129.45,210.35,288.22,328.3,212.4,239.75,258.96,273.11
22-07-2025,125.2,203.57,288.17,332.46,208.63,225.13,234.87,250.8
23-07-2025,132.85,219.77,293.39,323.45,212.16,226.97,229.32,259.88
24-07-2025,134.76,208.56,288.55,329.55,215.3,238.63,252.49,255.48
25-07-2025,143.11,205.59,291.22,336.14,218.69,234.71,249,257.05
26-07-2025,136.43,208.94,306.45,332.57,215.17,230.42,246.09,253.68
27-07-2025,133.76,199.8,290.1,326.68,207.8,220.59,239.23,244.9
28-07-2025,139.06,202.1,289.39,333.22,217.82,235.4,253.59,260.91
29-07-2025,123.92,215.18,287.44,337.19,223.55,243.14,259.43,272.28
30-07-2025,136.21,204.09,297.25,315.13,210.95,232.17,253.14,254.5
31-07-2025,138.95,201.8,290.85,340.86,223.36,248.11,255.52,273.95
01-08-2025,127.77,211.35,287.64,328.95,206.24,228.88,246.4,253.61
02-08-2025,140.94,215.29,301.51,335.1,222.28,241.33,259.46,260.77
03-08-2025,136.97,212.54,302.27,341.33,215.46,234.47,243.27,258.79
04-08-2025,133.26,214.25,288.21,320.83,206.45,229,236.48,253.13
05-08-2025,138.57,203.78,279.42,326.19,210.72,237.08,248.35,261.09
06-08-2025,146.82,199.84,299.61,329.61,223.52,244.15,255.84,269.34
07-08-2025,136.43,217.43,287.84,325.7,222.26,239.92,258.68,265.37
08-08-2025,136.83,206.53,298.24,345.91,221.68,236.71,248.64,259.12
09-08-2025,133.35,207.01,278.98,325.23,205.35,218.12,228.84,250.76
10-08-2025,131.46,216.53,299.09,327.69,214.87,238.2,250.14,256.18
11-08-2025,139.92,211.95,284.44,333.82,221.21,244.1,264.69,264.77
12-08-2025,131.55,211.4,298.11,322.63,213.7,236.59,251.66,278.27
13-08-2025,136.25,221.7,293.17,329.13,210.53,229.89,243.99,248.66
14-08-2025,133.56,204.9,286.46,334.89,210.91,237.94,252.39,254.82
15-08-2025,138.4,214.37,290.36,329.75,218.28,235.86,257.32,265.26
16-08-2025,137.74,209.2,298.09,331.72,220.05,244.83,256.08,257.37
17-08-2025,141.32,210.52,294.1,328.28,207.19,226.99,248.57,250.58
18-08-2025,133.64,218.12,297.52,320.46,214.22,231.18,247.23,269.05
19-08-2025,134.9,212.05,307.34,335.2,218.85,241.81,256.01,257.54
20-08-2025,131.42,212.28,282.63,346.72,224.52,246.57,274.07,259.67
21-08-2025,134.15,215.53,304.97,332.88,221.65,243.44,253.16,259.44
22-08-2025,138.32,206.96,294.45,334.59,220.71,241.11,254.35,271.5
23-08-2025,140.28,204.16,287.5,338.39,214.88,234.69,243.53,266.44
24-08-2025,131.95,202.98,284.56,322.75,200.96,232.9,252.66,254.82
25-08-2025,140.97,197.5,292.62,346.58,217.64,243.56,267.01,272.66
26-08-2025,143.46,221.68,300.47,334.63,229.28,252.9,276.25,286.24
27-08-2025,138.81,202.77,293.19,346.12,227.16,247.72,268.84,283.44
28-08-2025,146.18,208.11,304.74,327.26,222.64,247.67,261.68,271.2
29-08-2025,132.99,207.83,284.08,347.72,222.01,244.6,257.77,255.79
30-08-2025,130.7,211.38,294.22,339.43,219.42,239.55,246.2,259.63
31-08-2025,128.09,214.48,285.61,337.71,214.11,232.59,257.77,255.03
01-09-2025,144.52,214.8,297,335.21,222.16,241.76,259.1,265.2
02-09-2025,140.38,206.19,300.73,331.41,225.77,229.92,242.46,253.79
03-09-2025,136.89,208.73,291.65,343.05,215.58,236.63,258.27,268.34
04-09-2025,138.63,211.48,276.44,334.63,227.36,244.91,255.05,277.56
05-09-2025,131.66,208.34,296.14,317.82,208.9,236.86,253.9,260.83
06-09-2025,149.58,219.52,297.87,324.68,229.72,249.81,263.95,281.4
07-09-2025,138.05,212.87,297.72,332.18,211.7,225.76,243.95,252.91
08-09-2025,138.02,214.38,303.61,336.2,223.31,243.06,257.75,268.45
09-09-2025,141.16,214,287.54,333.32,216.98,231.75,239.49,262.19
10-09-2025,140,217.11,299.87,343.58,217.13,239.5,254.88,264.93
11-09-2025,138.77,211.21,303.53,318.28,215.45,236.9,257.15,274.25
12-09-2025,133.76,202.39,282.81,335.09,219.8,244.58,259.44,260.95
13-09-2025,140.13,212.62,297.57,319.45,211.45,227.49,246.37,249.4
14-09-2025,147.24,206.36,291.87,340.13,215.35,235.52,245.29,259.76
15-09-2025,144.62,207.14,294.9,333.35,219.54,232.71,247.58,260.35
16-09-2025,145.92,213.88,297.98,337.52,223.35,246.86,258.74,279.47
17-09-2025,135.46,217.84,292.21,327.3,220.47,243.06,261.8,267.92
18-09-2025,133.13,210.59,290.96,344.51,224.53,247.01,262.17,263.47
19-09-2025,137.51,212.36,296.01,342.66,221.21,241.22,259.67,271.28
20-09-2025,138.48,220.77,288.23,339.05,232.62,254.69,275.13,284.22
21-09-2025,143.73,212.05,288.31,333.4,222.25,250.27,268.73,263.62
22-09-2025,129.86,226.27,300.74,339.13,219.83,238.4,254.77,263.38
23-09-2025,146.03,214.1,288.02,328.89,213.25,233.94,243.95,249.4
24-09-2025,137.65,200.19,300.8,341.44,216.24,230.81,245.79,251.82
25-09-2025,136.37,215.32,299.44,347.85,221.82,237.48,249.81,257.06
26-09-2025,133.5,213.14,284.2,343.27,225.13,245.62,258.9,275.47
27-09-2025,130.35,218.64,291.61,328.93,218.72,244.24,257.37,269.94
28-09-2025,142.8,214.99,304.78,337.71,217.03,235.75,245.85,253.04
29-09-2025,139.11,210.17,289.63,324.53,216.91,235.74,240.95,266.02
30-09-2025,132.36,203.7,293.32,339.51,219.26,237.23,248.89,253.63
01-10-2025,132.39,209.84,299.88,338.59,225.13,242.45,258.42,269.43
02-10-2025,137.25,206.04,302.2,320.08,217.17,238.65,246.91,258.76
03-10-2025,147.34,207.71,295.03,325.8,222.79,235.3,250.38,258.11
04-10-2025,137.75,214.77,292.68,332.88,219.7,246.1,270.6,274.13
05-10-2025,131.6,221.31,306.89,332.79,220.81,237.48,257.6,265.61
06-10-2025,137.94,213.71,309.18,325.58,223.21,246.82,270.04,279.84
07-10-2025,137.87,204.21,303.93,338.42,211.27,224.92,241.88,249.43
08-10-2025,125.81,214.1,297.75,337.38,214.02,237.36,258.2,264.2
09-10-2025,139.08,218.66,291.57,333.87,217.53,240.89,252.27,263.26
10-10-2025,138.26,207.87,291.49,329.43,218.39,240.31,252.09,266.4
11-10-2025,142.96,210.78,301.03,343.92,229.74,244.77,246.08,272.41
12-10-2025,148.78,211.72,300.37,348.83,224.69,245.94,266.87,270.35
13-10-2025,145.23,206.97,307.33,331.77,207.76,221.85,244.55,236.03
14-10-2025,138.31,215.62,302.14,330.8,217.19,235.93,248.16,262.91
15-10-2025,134.19,211.05,287.14,339.68,223.46,248.61,262.34,275.8
16-10-2025,152.65,214.34,305.1,332.94,227.93,251.91,263.15,272.83
17-10-2025,140.14,206.55,290.82,334.74,220.58,240.66,257.57,257.95
18-10-2025,139.97,209.3,295.2,341.83,219.93,235.05,255.68,268.91
19-10-2025,139.84,216.31,299.71,320.69,210.64,233.87,240.16,261.82
20-10-2025,141.01,209.78,312,346.57,225.89,245.98,263.03,269.61
21-10-2025,139.36,222.43,319.87,336.66,219.3,227.7,241.32,245.88
22-10-2025,137.28,209.72,302.42,332.84,228.6,252.51,268.08,272.58
23-10-2025,137.47,213.51,296.97,335.47,222.54,242.42,259.71,275.23
24-10-2025,140.1,217.81,302.06,335.94,219.26,245.28,259.33,271.1
25-10-2025,137.61,203.75,304.61,322.45,209.85,224.37,238.85,246.07
26-10-2025,136.83,201.75,296.22,348.31,219.28,223.4,237.33,251.46
27-10-2025,140.98,203.21,311.11,336.74,217.18,238.57,258.42,258.69
28-10-2025,139.24,219.98,300.22,340,229.28,250.73,267.83,284.74
29-10-2025,148.09,209.15,302.17,344.13,226.15,237.7,253.8,270.81
30-10-2025,127.38,227.86,303.42,328.4,214.17,229.28,237.92,251.48
31-10-2025,146.15,209.17,301.78,340.41,232.79,266.56,279.67,287.79
01-11-2025,146.98,213.71,304.78,334.54,223.51,241.99,261.48,251.28
02-11-2025,130.45,221.9,294.66,343.51,225.65,249.3,264.49,265.41
03-11-2025,139.16,224.74,295.14,319.77,215.98,232.72,251.02,249.69
04-11-2025,139.08,225.12,291.42,336.05,225.8,235.35,259.18,261.16
05-11-2025,133.96,220.05,302.27,332.08,220.78,239.93,260.12,262.97
06-11-2025,137.17,218.99,304.72,340.41,213.24,231.91,247.38,248.84
07-11-2025,135.57,216.45,302.55,340.77,231.47,249.47,261.91,272.78
08-11-2025,149.94,217.61,311.14,331.4,231.13,250.56,252.79,278.59
09-11-2025,145.92,209.69,299.45,331.42,218.71,240.03,254.19,268.2
10-11-2025,147.66,208.13,304.24,336.29,216.88,236.13,249.5,249.73
11-11-2025,144.97,213.07,291.99,330.05,222.66,236.34,253.29,260.57
12-11-2025,135.78,212.12,297,344.02,221.59,244.02,258.25,260.72
13-11-2025,138.86,210.47,304.65,334.38,220.78,231.03,244.43,261.44
14-11-2025,143.99,217.41,305.8,314.13,218.02,227.77,233.87,257.47
15-11-2025,135.5,219.02,297.87,334.45,222.77,246.46,256.76,266.08
16-11-2025,145.23,213.86,299.5,329.19,228.25,250.78,268.16,271.18
17-11-2025,140.53,222.25,289.45,324.5,223.08,242.79,266.37,265.02
18-11-2025,139.91,206.58,297.65,327.71,211,224.03,238.54,235.51
19-11-2025,145.4,212.32,306.45,338.54,230.23,246.69,263.33,273.71
20-11-2025,144.13,209.23,304.32,348.35,233.13,251.81,271.58,275.18
21-11-2025,140.17,202.38,303.87,340.28,234.62,246.64,257.59,277.47
22-11-2025,147.83,213.13,300.79,332.98,217.35,233.65,250.48,252.06
23-11-2025,136.69,212.94,300.56,341.53,222.23,245.49,256.79,266.78
24-11-2025,145.23,222.8,295.96,334.27,214.8,241.94,261.26,257.9
25-11-2025,145.18,217.56,305.55,332.44,225.84,243.74,259.5,262.71
26-11-2025,140.73,207.67,303.68,328.81,214.5,238.28,254.77,256.19
27-11-2025,143.97,224.99,304.25,324.09,231.93,242.36,253.44,273.33
28-11-2025,136.14,221.24,297.19,335.04,217.47,240.76,259.3,261.58
29-11-2025,147.08,217.46,285.88,339.48,217.47,233.45,258.87,259.19
30-11-2025,141.59,212.66,308.7,337.49,219.33,240.86,250.82,263.58
01-12-2025,139.97,208.31,297.74,334.99,209.1,227.86,241.16,245.24
02-12-2025,147.88,211.88,295.13,330.81,225.72,252.32,268.48,276.31
03-12-2025,139.18,220.69,306.1,343.3,214.54,230.17,249.1,258.77
04-12-2025,135.72,225.52,298.57,327.95,220.47,243.61,255.81,261.36
05-12-2025,135.04,223.52,308.81,344.75,214.11,232.71,233.54,262.56
06-12-2025,145.91,211.37,305.78,330.58,219.35,238.56,260.35,258.46
07-12-2025,136.54,207.64,306.32,332.63,224.91,243.99,262.8,266.1
08-12-2025,151.78,215.25,292.04,326.97,225.18,240.95,247.24,269.14
09-12-2025,132.66,203.84,310.16,334.75,210.32,230.25,242.21,251.27
10-12-2025,151.61,216.44,303.58,346.62,229.4,249.09,271.93,274.32
11-12-2025,144.24,213.66,299.24,342.99,224.78,245.99,268.23,269.1
12-12-2025,142.76,211.8,302.9,346.75,227.03,247.46,267.15,273.23
13-12-2025,140.58,205.08,289.54,343.16,213.87,237.86,251.98,248.58
14-12-2025,145.37,217.78,304.9,330.2,225.5,250.12,265.54,264.14
15-12-2025,143.24,211.55,294.91,336.44,208.17,222.92,237.26,251.61
16-12-2025,149.01,207.77,292.72,332.9,218.66,243,263.64,274.22
17-12-2025,144.12,197.61,291.61,349.84,219.44,233.51,244.13,253.05
18-12-2025,144.36,214.73,310.12,329.68,224.23,247.17,258.14,270.71
19-12-2025,141.86,225.57,298,346.46,228.46,251.56,271.61,278.33
20-12-2025,143.45,224.96,313.22,346.5,221.79,232.23,247.01,261.39
21-12-2025,145.33,212.29,298.8,354.05,223.11,243.58,265.47,256.41
22-12-2025,135.31,211.47,290.68,336.19,219.42,237.07,248.72,256.76
23-12-2025,137.18,217.95,294.89,345.22,223.43,239.63,254.36,262.64
24-12-2025,147.69,209.19,311.42,357.83,226.29,253.04,263.43,282.26
25-12-2025,144.89,217.04,301.76,334.69,221.07,237.81,252.84,277.8
26-12-2025,143.18,219.88,299.08,327.41,224.94,240.91,248.51,264.54
27-12-2025,144.25,222.69,304.11,324.7,219.33,239.71,252.27,256.27
28-12-2025,145.96,214.78,306.58,345.5,226.03,249.45,257.27,276.87
29-12-2025,141.58,214.2,310.96,324.79,229.18,248.47,266.94,281.4
30-12-2025,140.45,210.21,313.35,336.93,213.2,239.04,257.62,264.68
31-12-2025,145.38,210.56,300.77,343.46,215.1,237.76,244.1,257.32
01-01-2026,139.57,214.21,294.08,341.5,226.46,235.57,257.24,266.32
02-01-2026,146.57,217.82,300.54,343.48,223.62,240.98,268.46,269.96
03-01-2026,136.07,221.15,305.33,341.91,221.76,238.95,254.18,257.79
04-01-2026,149.79,210.9,296.83,350.41,224.41,246.8,258.6,274.09
05-01-2026,147.07,224.72,296.95,332.62,224.73,231.61,260.73,262.59
06-01-2026,146.05,214.19,306.13,334.88,231.13,263.88,272.28,295.97
07-01-2026,149.74,215.74,303.46,334.17,228.88,251.53,266.63,276.13
08-01-2026,153.22,211.43,304.1,347.04,233.14,253.88,269.78,276.74
09-01-2026,150.02,201.42,298.63,347.66,217.65,243.56,265.28,275.92
10-01-2026,135.81,221.31,302.4,344.12,218.2,249.92,266.71,267.66
11-01-2026,138.68,220.48,297.62,350.03,212.43,236.78,249.29,264.41
12-01-2026,142.01,214.42,310.39,331.2,216.44,241.19,251.43,257.97
13-01-2026,145.33,216.56,311.48,354.01,234.08,254.74,268.03,286.13
14-01-2026,147.84,219.3,291.38,352.92,233.39,252.68,262.64,276.13
15-01-2026,141.69,206.88,297.87,346.67,221.63,239.25,254.49,271.86
16-01-2026,146.31,213.13,293.98,355.09,228.88,244.75,256.93,272.7
17-01-2026,141.66,221.12,299.98,327.64,217.85,234.41,241.94,252.07
18-01-2026,142.44,208.87,304.01,336.75,221.69,234.94,256.21,268.48
19-01-2026,138.53,218.21,294.52,335.12,225.24,244.86,257.37,279.17
20-01-2026,141,208.36,298.29,346.83,214.88,226.46,235.11,256.75
21-01-2026,138.92,219.34,297.79,332.71,222.68,243.64,257.8,264.07
22-01-2026,140.86,216.38,306.34,347.23,230.09,249.91,265.25,273.07
23-01-2026,151.07,206.95,305.45,352.19,226.09,246.83,253.1,272.7
24-01-2026,141.12,223.68,299.98,346.84,231.11,248.5,265.15,269.27
25-01-2026,159.09,212.33,306.35,343.6,244.49,279.87,289.64,315.03
26-01-2026,148.45,211.93,301.36,333.48,222.48,249.28,272.84,275.15
27-01-2026,146.97,218.04,303.35,334.67,226.57,240.34,257.96,249.12
28-01-2026,141.82,223.78,317.04,351.49,225.62,246.78,259.78,273.82
29-01-2026,149.67,210.84,314.78,347.79,228.36,245.32,256.6,268.23
30-01-2026,143.35,217.35,296.38,341.29,227.24,242.16,256.64,266.71
31-01-2026,146.9,219.6,311.36,338.32,227.11,240.41,258.47,263.2
01-02-2026,159.15,221.24,311.3,325.51,222.59,244.75,259.62,274.59
02-02-2026,145.93,218.19,297.66,333.2,224.82,241.41,255.33,273.13
03-02-2026,152.22,214.98,311.5,357.12,239.83,264.66,279.96,291.36
04-02-2026,143.02,212.26,316.6,331.64,222.62,247.59,259.57,270.55
05-02-2026,146.42,217.79,298.05,343.45,231.75,258.62,271.9,283.37
06-02-2026,155.51,210.89,299.56,350.05,229.3,245.04,249.61,270.16
07-02-2026,143.58,199.84,313.18,332,220.74,243.11,262.98,263.3
08-02-2026,155.84,220.04,308.03,343.58,232.82,255.98,272.47,284.45
09-02-2026,150.38,222.89,310.06,349.66,227.16,244.79,255.92,272.55
10-02-2026,144.09,203.34,308.66,342.31,222.92,239.06,263.56,273.31
11-02-2026,150.12,211.51,309.09,365.21,228.11,256.15,271.59,288.69
12-02-2026,151.88,221.33,297.14,328.97,222.68,243.82,253.64,264.7
13-02-2026,150.19,230.01,313.83,350.84,235.28,258.46,277.74,288.38
14-02-2026,139.29,217.84,314.76,341.04,224.87,240.76,257.75,260.05
15-02-2026,143.57,213.39,305.04,348.66,220.1,234,250.97,263.17
16-02-2026,146.03,216.71,306.41,346.07,232.51,249.67,262.54,271.57
17-02-2026,146.95,226.11,296.07,336.73,230.49,249.87,267.12,268.73
18-02-2026,150.49,214.03,310.46,344.48,224.22,238.9,252.59,265.58
19-02-2026,148.33,213.16,310.94,327.84,213.95,233.9,251.68,242.85
20-02-2026,140.83,215.11,306.57,347.58,224.41,235.97,241.45,250.47
21-02-2026,149.47,212.33,314.95,345.2,224.82,239.22,252.05,263.15
22-02-2026,150.68,218.84,304.81,347.97,230.88,254.24,277.85,279.73
23-02-2026,150.49,227.9,311.18,351.38,232.16,255.18,266.35,277.97
24-02-2026,153.15,220.14,300.16,345.92,221.04,239.08,251.06,254.6
25-02-2026,151.98,216.73,307.21,344.21,227.13,242.05,254.81,262.14
26-02-2026,150.17,216.55,306.22,336.04,224.31,239.18,248.1,266.52
27-02-2026,147.58,208.97,309.1,337.44,226.12,244.26,248.22,272.75
28-02-2026,139.69,223.69,305,352.69,225.3,248.52,262.37,273.42
01-03-2026,150.2,217.98,306.74,354.74,240.29,264.93,280.61,296.87
02-03-2026,149.15,217.41,313.52,341.4,217.74,235.26,250,262.65
03-03-2026,149.53,237.7,304.75,343.73,240.8,255.03,269.3,275.54
04-03-2026,141.85,220.38,296.64,336.18,222.59,243.93,259.14,267.24
05-03-2026,142.89,214.13,320.2,352.85,231.55,247.43,267.54,264.01
06-03-2026,153.62,216.13,317.7,348.85,231.34,248.75,262.8,273.1
07-03-2026,148.22,225.63,299.06,359.11,240.41,267.03,279.16,298.7
08-03-2026,151.89,219.46,313,336.6,225.64,249.77,263.37,278.89
09-03-2026,148.68,210.2,304.73,340.66,219.24,240.03,257.93,273.44
10-03-2026,148.75,224.4,310.17,345.59,237.6,251.24,273.3,274.42
11-03-2026,153.35,214.92,310.45,348.97,229.94,251,262.86,284.07
12-03-2026,146.14,230.22,306.83,342.13,231.27,256.58,272.08,280.42
13-03-2026,149.26,225.51,303.05,336.92,234.61,252.73,269.42,286.56
14-03-2026,146.53,216.39,303.78,351.01,223.67,250.43,260.47,275.3
15-03-2026,146.73,226.81,302.27,349.78,234.65,261.11,276.21,290.36
16-03-2026,147.42,219.58,302.94,336.74,222.91,251.23,258.9,285.08
17-03-2026,150.14,224.34,308.36,354.97,233.19,254.71,260.87,278.55
18-03-2026,146.69,222.18,303.89,353.54,231.75,254.69,271.53,281
19-03-2026,155.43,214.24,313.75,345.31,222.53,249.61,262.69,282.34
20-03-2026,144.74,215.51,319.46,344.93,222.13,244.37,260.38,268.57
21-03-2026,148.34,225.6,305.06,348.78,238.4,255.89,270.81,272.97
22-03-2026,147.13,217.46,310.87,337.5,229.77,247.53,257.65,285.39
23-03-2026,156.63,217.09,312.77,344.69,230.87,252.07,266.84,274.25
24-03-2026,150.44,213.83,312.65,327.29,223.73,237.27,246.11,263.23
25-03-2026,154.67,222.15,309.95,351.57,232.52,251.8,273.75,283.74
26-03-2026,142.15,232.03,314.69,332.12,232.89,258.37,266.59,279.72
27-03-2026,150.97,213.3,312.94,356.7,230.39,239.43,253.45,258.38
28-03-2026,154.14,219.9,300.97,342.09,231.41,259.09,268.87,285.61
29-03-2026,150.17,228.28,315.79,343.09,237.21,262.82,280.67,277.06
30-03-2026,155.14,219.38,315.99,339.81,225.93,243.63,256.97,266.9
31-03-2026,147.29,222.62,304.51,342.59,236.27,258.99,271.4,285.46
01-04-2026,156.99,213.58,310.19,356.29,226.1,246.12,265.38,269.5
02-04-2026,161.49,222.57,314.78,325.1,237.05,263.2,278.34,278.94
